trace_path,ignore_obj_size,cache_size,miss_ratio,n_req,n_promoted
"zipf_1_8.oracleGeneral",1,999,0.586338,100000000,10416063
"zipf_1_8.oracleGeneral",1,999,0.585739,100000000,6093348
"zipf_1_8.oracleGeneral",1,999,0.585753,100000000,5787024
"zipf_1_8.oracleGeneral",1,999,0.585758,100000000,5758300
"zipf_1_8.oracleGeneral",1,999,0.585758,100000000,5755186
