trace_path,ignore_obj_size,cache_size,miss_ratio,n_req,n_promoted
"zipf_1_7.oracleGeneral",0,38,0.405282,100000000,10440902
"zipf_1_7.oracleGeneral",0,38,0.403802,100000000,6046700
"zipf_1_7.oracleGeneral",0,38,0.403745,100000000,5661281
"zipf_1_7.oracleGeneral",0,38,0.403745,100000000,5616576
"zipf_1_7.oracleGeneral",0,38,0.403746,100000000,5610775
