trace_path,ignore_obj_size,cache_size,miss_ratio,n_req,n_promoted
"zipf_1_9.oracleGeneral",1,9998,0.405159,100000000,10443204
"zipf_1_9.oracleGeneral",1,9998,0.403684,100000000,6047526
"zipf_1_9.oracleGeneral",1,9998,0.403624,100000000,5662910
"zipf_1_9.oracleGeneral",1,9998,0.403624,100000000,5618261
"zipf_1_9.oracleGeneral",1,9998,0.403624,100000000,5612526
