trace_path,ignore_obj_size,cache_size,miss_ratio,n_req,n_promoted
"zipf_1_8.oracleGeneral",1,99994,0.213912,100000000,10271570
"zipf_1_8.oracleGeneral",1,99994,0.209947,100000000,5850915
"zipf_1_8.oracleGeneral",1,99994,0.209516,100000000,5319104
"zipf_1_8.oracleGeneral",1,99994,0.209462,100000000,5236097
"zipf_1_8.oracleGeneral",1,99994,0.209453,100000000,5221918
