trace_path,ignore_obj_size,cache_size,miss_ratio,n_req,n_promoted
"zipf_1_14.oracleGeneral",1,9998,0.405319,100000000,10438855
"zipf_1_14.oracleGeneral",1,9998,0.403853,100000000,6045798
"zipf_1_14.oracleGeneral",1,9998,0.403793,100000000,5661953
"zipf_1_14.oracleGeneral",1,9998,0.403795,100000000,5617361
"zipf_1_14.oracleGeneral",1,9998,0.403796,100000000,5611303
