trace_path,ignore_obj_size,cache_size,miss_ratio,n_req,n_promoted
"zipf_1_9.oracleGeneral",1,199962,0.152755,100000000,9999050
"zipf_1_9.oracleGeneral",1,199962,0.147312,100000000,5677933
"zipf_1_9.oracleGeneral",1,199962,0.146548,100000000,5097396
"zipf_1_9.oracleGeneral",1,199962,0.146425,100000000,4998605
"zipf_1_9.oracleGeneral",1,199962,0.146403,100000000,4976600
