trace_path,ignore_obj_size,cache_size,miss_ratio,n_req,n_promoted
"zipf_1_14.oracleGeneral",0,381,0.213927,100000000,10274913
"zipf_1_14.oracleGeneral",0,381,0.209968,100000000,5852982
"zipf_1_14.oracleGeneral",0,381,0.209535,100000000,5321023
"zipf_1_14.oracleGeneral",0,381,0.209478,100000000,5237329
"zipf_1_14.oracleGeneral",0,381,0.209469,100000000,5222934
