trace_path,ignore_obj_size,cache_size,miss_ratio,n_req,n_promoted
"zipf_1_11.oracleGeneral",1,399955,0.0896991,100000000,9240921
"zipf_1_11.oracleGeneral",1,399955,0.0826902,100000000,5224557
"zipf_1_11.oracleGeneral",1,399955,0.0814939,100000000,4633859
"zipf_1_11.oracleGeneral",1,399955,0.0812854,100000000,4529203
"zipf_1_11.oracleGeneral",1,399955,0.0812436,100000000,4506375
