trace_path,ignore_obj_size,cache_size,miss_ratio,n_req,n_promoted
"zipf_1_7.oracleGeneral",1,99996,0.213887,100000000,10269529
"zipf_1_7.oracleGeneral",1,99996,0.209929,100000000,5852250
"zipf_1_7.oracleGeneral",1,99996,0.209499,100000000,5320246
"zipf_1_7.oracleGeneral",1,99996,0.209445,100000000,5236124
"zipf_1_7.oracleGeneral",1,99996,0.209437,100000000,5221365
