trace_path,ignore_obj_size,cache_size,miss_ratio,n_req,n_promoted
"zipf_1_0.oracleGeneral",1,99991,0.213813,100000000,10271869
"zipf_1_0.oracleGeneral",1,99991,0.209859,100000000,5851228
"zipf_1_0.oracleGeneral",1,99991,0.209429,100000000,5321037
"zipf_1_0.oracleGeneral",1,99991,0.209373,100000000,5237148
"zipf_1_0.oracleGeneral",1,99991,0.209364,100000000,5222786
