trace_path,cache_size(MiB),miss_ratio,n_req,n_promoted
"../trace/zipf_1.3_10_100.oracleGeneral",1024,0.0105652,100000000,839135
"../trace/zipf_1.3_10_100.oracleGeneral",1024,0.00899882,100000000,677126
"../trace/zipf_1.3_10_100.oracleGeneral",1024,0.0089822,100000000,618006
"../trace/zipf_1.3_10_100.oracleGeneral",1024,0.0090333,100000000,556654
"../trace/zipf_1.3_10_100.oracleGeneral",1024,0.00903047,100000000,588936
"../trace/zipf_1.3_10_100.oracleGeneral",1024,0.00903361,100000000,546097
"../trace/zipf_1.3_10_100.oracleGeneral",1024,0.00903556,100000000,591057
"../trace/zipf_1.3_10_100.oracleGeneral",1024,0.0090384,100000000,546111
"../trace/zipf_1.3_10_100.oracleGeneral",1024,0.0090405,100000000,588775
"../trace/zipf_1.3_10_100.oracleGeneral",1024,0.00904311,100000000,546495
