trace_path,cache_size(MiB),miss_ratio,n_req,n_promoted
"../trace/zipf_1.3_10_100.oracleGeneral",2048,0.00702242,100000000,336506
"../trace/zipf_1.3_10_100.oracleGeneral",2048,0.0035263,100000000,716848
"../trace/zipf_1.3_10_100.oracleGeneral",2048,0.00347391,100000000,539152
"../trace/zipf_1.3_10_100.oracleGeneral",2048,0.00389582,100000000,371055
"../trace/zipf_1.3_10_100.oracleGeneral",2048,0.00366967,100000000,548799
"../trace/zipf_1.3_10_100.oracleGeneral",2048,0.00390481,100000000,421082
"../trace/zipf_1.3_10_100.oracleGeneral",2048,0.00386309,100000000,451236
"../trace/zipf_1.3_10_100.oracleGeneral",2048,0.003952,100000000,435822
"../trace/zipf_1.3_10_100.oracleGeneral",2048,0.00395624,100000000,416788
"../trace/zipf_1.3_10_100.oracleGeneral",2048,0.00396516,100000000,446106
